Id;CPF;Nome;Nascimento
1;1; Cliente 1; 01/01/1900
2;2; Cliente 2; 01/01/1900
3;3; Cliente 3; 01/01/1900
4;4; Cliente 4; 01/01/1900
5;5; Cliente 5; 01/01/1900
6;6; Cliente 6; 01/01/1900
7;7; Cliente 7; 01/01/1900
8;8; Cliente 8; 01/01/1900
9;9; Cliente 9; 01/01/1900
10;10; Cliente 10; 01/01/1900
11;11; Cliente 11; 01/01/1900
12;12; Cliente 12; 01/01/1900
13;13; Cliente 13; 01/01/1900
14;14; Cliente 14; 01/01/1900
15;15; Cliente 15; 01/01/1900
16;16; Cliente 16; 01/01/1900
17;17; Cliente 17; 01/01/1900
18;18; Cliente 18; 01/01/1900
19;19; Cliente 19; 01/01/1900
20;20; Cliente 20; 01/01/1900
21;21; Cliente 21; 01/01/1900
22;22; Cliente 22; 01/01/1900
23;23; Cliente 23; 01/01/1900
24;24; Cliente 24; 01/01/1900
25;25; Cliente 25; 01/01/1900
26;26; Cliente 26; 01/01/1900
27;27; Cliente 27; 01/01/1900
28;28; Cliente 28; 01/01/1900
29;29; Cliente 29; 01/01/1900
30;30; Cliente 30; 01/01/1900
31;31; Cliente 31; 01/01/1900
32;32; Cliente 32; 01/01/1900
33;33; Cliente 33; 01/01/1900
34;34; Cliente 34; 01/01/1900
35;35; Cliente 35; 01/01/1900
36;36; Cliente 36; 01/01/1900
37;37; Cliente 37; 01/01/1900
38;38; Cliente 38; 01/01/1900
39;39; Cliente 39; 01/01/1900
40;40; Cliente 40; 01/01/1900
41;41; Cliente 41; 01/01/1900
42;42; Cliente 42; 01/01/1900
43;43; Cliente 43; 01/01/1900
44;44; Cliente 44; 01/01/1900
45;45; Cliente 45; 01/01/1900
46;46; Cliente 46; 01/01/1900
47;47; Cliente 47; 01/01/1900
48;48; Cliente 48; 01/01/1900
49;49; Cliente 49; 01/01/1900
50;50; Cliente 50; 01/01/1900
51;51; Cliente 51; 01/01/1900
52;52; Cliente 52; 01/01/1900
53;53; Cliente 53; 01/01/1900
54;54; Cliente 54; 01/01/1900
55;55; Cliente 55; 01/01/1900
56;56; Cliente 56; 01/01/1900
57;57; Cliente 57; 01/01/1900
58;58; Cliente 58; 01/01/1900
59;59; Cliente 59; 01/01/1900
60;60; Cliente 60; 01/01/1900
61;61; Cliente 61; 01/01/1900
62;62; Cliente 62; 01/01/1900
63;63; Cliente 63; 01/01/1900
64;64; Cliente 64; 01/01/1900
65;65; Cliente 65; 01/01/1900
66;66; Cliente 66; 01/01/1900
67;67; Cliente 67; 01/01/1900
68;68; Cliente 68; 01/01/1900
69;69; Cliente 69; 01/01/1900
70;70; Cliente 70; 01/01/1900
71;71; Cliente 71; 01/01/1900
72;72; Cliente 72; 01/01/1900
73;73; Cliente 73; 01/01/1900
74;74; Cliente 74; 01/01/1900
75;75; Cliente 75; 01/01/1900
76;76; Cliente 76; 01/01/1900
77;77; Cliente 77; 01/01/1900
78;78; Cliente 78; 01/01/1900
79;79; Cliente 79; 01/01/1900
80;80; Cliente 80; 01/01/1900
81;81; Cliente 81; 01/01/1900
82;82; Cliente 82; 01/01/1900
83;83; Cliente 83; 01/01/1900
84;84; Cliente 84; 01/01/1900
85;85; Cliente 85; 01/01/1900
86;86; Cliente 86; 01/01/1900
87;87; Cliente 87; 01/01/1900
88;88; Cliente 88; 01/01/1900
89;89; Cliente 89; 01/01/1900
90;90; Cliente 90; 01/01/1900
91;91; Cliente 91; 01/01/1900
92;92; Cliente 92; 01/01/1900
93;93; Cliente 93; 01/01/1900
94;94; Cliente 94; 01/01/1900
95;95; Cliente 95; 01/01/1900
96;96; Cliente 96; 01/01/1900
97;97; Cliente 97; 01/01/1900
98;98; Cliente 98; 01/01/1900
99;99; Cliente 99; 01/01/1900
100;100; Cliente 100; 01/01/1900
101;101; Cliente 101; 01/01/1900
102;102; Cliente 102; 01/01/1900
103;103; Cliente 103; 01/01/1900
104;104; Cliente 104; 01/01/1900
105;105; Cliente 105; 01/01/1900
106;106; Cliente 106; 01/01/1900
107;107; Cliente 107; 01/01/1900
108;108; Cliente 108; 01/01/1900
109;109; Cliente 109; 01/01/1900
110;110; Cliente 110; 01/01/1900
111;111; Cliente 111; 01/01/1900
112;112; Cliente 112; 01/01/1900
113;113; Cliente 113; 01/01/1900
114;114; Cliente 114; 01/01/1900
115;115; Cliente 115; 01/01/1900
116;116; Cliente 116; 01/01/1900
117;117; Cliente 117; 01/01/1900
118;118; Cliente 118; 01/01/1900
119;119; Cliente 119; 01/01/1900
120;120; Cliente 120; 01/01/1900
121;121; Cliente 121; 01/01/1900
122;122; Cliente 122; 01/01/1900
123;123; Cliente 123; 01/01/1900
124;124; Cliente 124; 01/01/1900
125;125; Cliente 125; 01/01/1900
126;126; Cliente 126; 01/01/1900
127;127; Cliente 127; 01/01/1900
128;128; Cliente 128; 01/01/1900
129;129; Cliente 129; 01/01/1900
130;130; Cliente 130; 01/01/1900
131;131; Cliente 131; 01/01/1900
132;132; Cliente 132; 01/01/1900
133;133; Cliente 133; 01/01/1900
134;134; Cliente 134; 01/01/1900
135;135; Cliente 135; 01/01/1900
136;136; Cliente 136; 01/01/1900
137;137; Cliente 137; 01/01/1900
138;138; Cliente 138; 01/01/1900
139;139; Cliente 139; 01/01/1900
140;140; Cliente 140; 01/01/1900
141;141; Cliente 141; 01/01/1900
142;142; Cliente 142; 01/01/1900
143;143; Cliente 143; 01/01/1900
144;144; Cliente 144; 01/01/1900
145;145; Cliente 145; 01/01/1900
146;146; Cliente 146; 01/01/1900
147;147; Cliente 147; 01/01/1900
148;148; Cliente 148; 01/01/1900
149;149; Cliente 149; 01/01/1900
150;150; Cliente 150; 01/01/1900
151;151; Cliente 151; 01/01/1900
152;152; Cliente 152; 01/01/1900
153;153; Cliente 153; 01/01/1900
154;154; Cliente 154; 01/01/1900
155;155; Cliente 155; 01/01/1900
156;156; Cliente 156; 01/01/1900
157;157; Cliente 157; 01/01/1900
158;158; Cliente 158; 01/01/1900
159;159; Cliente 159; 01/01/1900
160;160; Cliente 160; 01/01/1900
161;161; Cliente 161; 01/01/1900
162;162; Cliente 162; 01/01/1900
163;163; Cliente 163; 01/01/1900
164;164; Cliente 164; 01/01/1900
165;165; Cliente 165; 01/01/1900
166;166; Cliente 166; 01/01/1900
167;167; Cliente 167; 01/01/1900
168;168; Cliente 168; 01/01/1900
169;169; Cliente 169; 01/01/1900
170;170; Cliente 170; 01/01/1900
171;171; Cliente 171; 01/01/1900
172;172; Cliente 172; 01/01/1900
173;173; Cliente 173; 01/01/1900
174;174; Cliente 174; 01/01/1900
175;175; Cliente 175; 01/01/1900
176;176; Cliente 176; 01/01/1900
177;177; Cliente 177; 01/01/1900
178;178; Cliente 178; 01/01/1900
179;179; Cliente 179; 01/01/1900
180;180; Cliente 180; 01/01/1900
181;181; Cliente 181; 01/01/1900
182;182; Cliente 182; 01/01/1900
183;183; Cliente 183; 01/01/1900
184;184; Cliente 184; 01/01/1900
185;185; Cliente 185; 01/01/1900
186;186; Cliente 186; 01/01/1900
187;187; Cliente 187; 01/01/1900
188;188; Cliente 188; 01/01/1900
189;189; Cliente 189; 01/01/1900
190;190; Cliente 190; 01/01/1900
191;191; Cliente 191; 01/01/1900
192;192; Cliente 192; 01/01/1900
193;193; Cliente 193; 01/01/1900
194;194; Cliente 194; 01/01/1900
195;195; Cliente 195; 01/01/1900
196;196; Cliente 196; 01/01/1900
197;197; Cliente 197; 01/01/1900
198;198; Cliente 198; 01/01/1900
199;199; Cliente 199; 01/01/1900
200;200; Cliente 200; 01/01/1900
201;201; Cliente 201; 01/01/1900
202;202; Cliente 202; 01/01/1900
203;203; Cliente 203; 01/01/1900
204;204; Cliente 204; 01/01/1900
205;205; Cliente 205; 01/01/1900
206;206; Cliente 206; 01/01/1900
207;207; Cliente 207; 01/01/1900
208;208; Cliente 208; 01/01/1900
209;209; Cliente 209; 01/01/1900
210;210; Cliente 210; 01/01/1900
211;211; Cliente 211; 01/01/1900
212;212; Cliente 212; 01/01/1900
213;213; Cliente 213; 01/01/1900
214;214; Cliente 214; 01/01/1900
215;215; Cliente 215; 01/01/1900
216;216; Cliente 216; 01/01/1900
217;217; Cliente 217; 01/01/1900
218;218; Cliente 218; 01/01/1900
219;219; Cliente 219; 01/01/1900
220;220; Cliente 220; 01/01/1900
221;221; Cliente 221; 01/01/1900
222;222; Cliente 222; 01/01/1900
223;223; Cliente 223; 01/01/1900
224;224; Cliente 224; 01/01/1900
225;225; Cliente 225; 01/01/1900
226;226; Cliente 226; 01/01/1900
227;227; Cliente 227; 01/01/1900
228;228; Cliente 228; 01/01/1900
229;229; Cliente 229; 01/01/1900
230;230; Cliente 230; 01/01/1900
231;231; Cliente 231; 01/01/1900
232;232; Cliente 232; 01/01/1900
233;233; Cliente 233; 01/01/1900
234;234; Cliente 234; 01/01/1900
235;235; Cliente 235; 01/01/1900
236;236; Cliente 236; 01/01/1900
237;237; Cliente 237; 01/01/1900
238;238; Cliente 238; 01/01/1900
239;239; Cliente 239; 01/01/1900
240;240; Cliente 240; 01/01/1900
241;241; Cliente 241; 01/01/1900
242;242; Cliente 242; 01/01/1900
243;243; Cliente 243; 01/01/1900
244;244; Cliente 244; 01/01/1900
245;245; Cliente 245; 01/01/1900
246;246; Cliente 246; 01/01/1900
247;247; Cliente 247; 01/01/1900
248;248; Cliente 248; 01/01/1900
249;249; Cliente 249; 01/01/1900
250;250; Cliente 250; 01/01/1900
251;251; Cliente 251; 01/01/1900
252;252; Cliente 252; 01/01/1900
253;253; Cliente 253; 01/01/1900
254;254; Cliente 254; 01/01/1900
255;255; Cliente 255; 01/01/1900
256;256; Cliente 256; 01/01/1900
257;257; Cliente 257; 01/01/1900
258;258; Cliente 258; 01/01/1900
259;259; Cliente 259; 01/01/1900
260;260; Cliente 260; 01/01/1900
261;261; Cliente 261; 01/01/1900
262;262; Cliente 262; 01/01/1900
263;263; Cliente 263; 01/01/1900
264;264; Cliente 264; 01/01/1900
265;265; Cliente 265; 01/01/1900
266;266; Cliente 266; 01/01/1900
267;267; Cliente 267; 01/01/1900
268;268; Cliente 268; 01/01/1900
269;269; Cliente 269; 01/01/1900
270;270; Cliente 270; 01/01/1900
271;271; Cliente 271; 01/01/1900
272;272; Cliente 272; 01/01/1900
273;273; Cliente 273; 01/01/1900
274;274; Cliente 274; 01/01/1900
275;275; Cliente 275; 01/01/1900
276;276; Cliente 276; 01/01/1900
277;277; Cliente 277; 01/01/1900
278;278; Cliente 278; 01/01/1900
279;279; Cliente 279; 01/01/1900
280;280; Cliente 280; 01/01/1900
281;281; Cliente 281; 01/01/1900
282;282; Cliente 282; 01/01/1900
283;283; Cliente 283; 01/01/1900
284;284; Cliente 284; 01/01/1900
285;285; Cliente 285; 01/01/1900
286;286; Cliente 286; 01/01/1900
287;287; Cliente 287; 01/01/1900
288;288; Cliente 288; 01/01/1900
289;289; Cliente 289; 01/01/1900
290;290; Cliente 290; 01/01/1900
291;291; Cliente 291; 01/01/1900
292;292; Cliente 292; 01/01/1900
293;293; Cliente 293; 01/01/1900
294;294; Cliente 294; 01/01/1900
295;295; Cliente 295; 01/01/1900
296;296; Cliente 296; 01/01/1900
297;297; Cliente 297; 01/01/1900
298;298; Cliente 298; 01/01/1900
299;299; Cliente 299; 01/01/1900
300;300; Cliente 300; 01/01/1900
301;301; Cliente 301; 01/01/1900
302;302; Cliente 302; 01/01/1900
303;303; Cliente 303; 01/01/1900
304;304; Cliente 304; 01/01/1900
305;305; Cliente 305; 01/01/1900
306;306; Cliente 306; 01/01/1900
307;307; Cliente 307; 01/01/1900
308;308; Cliente 308; 01/01/1900
309;309; Cliente 309; 01/01/1900
310;310; Cliente 310; 01/01/1900
311;311; Cliente 311; 01/01/1900
312;312; Cliente 312; 01/01/1900
313;313; Cliente 313; 01/01/1900
314;314; Cliente 314; 01/01/1900
315;315; Cliente 315; 01/01/1900
316;316; Cliente 316; 01/01/1900
317;317; Cliente 317; 01/01/1900
318;318; Cliente 318; 01/01/1900
319;319; Cliente 319; 01/01/1900
320;320; Cliente 320; 01/01/1900
321;321; Cliente 321; 01/01/1900
322;322; Cliente 322; 01/01/1900
323;323; Cliente 323; 01/01/1900
324;324; Cliente 324; 01/01/1900
325;325; Cliente 325; 01/01/1900
326;326; Cliente 326; 01/01/1900
327;327; Cliente 327; 01/01/1900
328;328; Cliente 328; 01/01/1900
329;329; Cliente 329; 01/01/1900
330;330; Cliente 330; 01/01/1900
331;331; Cliente 331; 01/01/1900
332;332; Cliente 332; 01/01/1900
333;333; Cliente 333; 01/01/1900
334;334; Cliente 334; 01/01/1900
335;335; Cliente 335; 01/01/1900
336;336; Cliente 336; 01/01/1900
337;337; Cliente 337; 01/01/1900
338;338; Cliente 338; 01/01/1900
339;339; Cliente 339; 01/01/1900
340;340; Cliente 340; 01/01/1900
341;341; Cliente 341; 01/01/1900
342;342; Cliente 342; 01/01/1900
343;343; Cliente 343; 01/01/1900
344;344; Cliente 344; 01/01/1900
345;345; Cliente 345; 01/01/1900
346;346; Cliente 346; 01/01/1900
347;347; Cliente 347; 01/01/1900
348;348; Cliente 348; 01/01/1900
349;349; Cliente 349; 01/01/1900
350;350; Cliente 350; 01/01/1900
351;351; Cliente 351; 01/01/1900
352;352; Cliente 352; 01/01/1900
353;353; Cliente 353; 01/01/1900
354;354; Cliente 354; 01/01/1900
355;355; Cliente 355; 01/01/1900
356;356; Cliente 356; 01/01/1900
357;357; Cliente 357; 01/01/1900
358;358; Cliente 358; 01/01/1900
359;359; Cliente 359; 01/01/1900
360;360; Cliente 360; 01/01/1900
361;361; Cliente 361; 01/01/1900
362;362; Cliente 362; 01/01/1900
363;363; Cliente 363; 01/01/1900
364;364; Cliente 364; 01/01/1900
365;365; Cliente 365; 01/01/1900
366;366; Cliente 366; 01/01/1900
367;367; Cliente 367; 01/01/1900
368;368; Cliente 368; 01/01/1900
369;369; Cliente 369; 01/01/1900
370;370; Cliente 370; 01/01/1900
371;371; Cliente 371; 01/01/1900
372;372; Cliente 372; 01/01/1900
373;373; Cliente 373; 01/01/1900
374;374; Cliente 374; 01/01/1900
375;375; Cliente 375; 01/01/1900
376;376; Cliente 376; 01/01/1900
377;377; Cliente 377; 01/01/1900
378;378; Cliente 378; 01/01/1900
379;379; Cliente 379; 01/01/1900
380;380; Cliente 380; 01/01/1900
381;381; Cliente 381; 01/01/1900
382;382; Cliente 382; 01/01/1900
383;383; Cliente 383; 01/01/1900
384;384; Cliente 384; 01/01/1900
385;385; Cliente 385; 01/01/1900
386;386; Cliente 386; 01/01/1900
387;387; Cliente 387; 01/01/1900
388;388; Cliente 388; 01/01/1900
389;389; Cliente 389; 01/01/1900
390;390; Cliente 390; 01/01/1900
391;391; Cliente 391; 01/01/1900
392;392; Cliente 392; 01/01/1900
393;393; Cliente 393; 01/01/1900
394;394; Cliente 394; 01/01/1900
395;395; Cliente 395; 01/01/1900
396;396; Cliente 396; 01/01/1900
397;397; Cliente 397; 01/01/1900
398;398; Cliente 398; 01/01/1900
399;399; Cliente 399; 01/01/1900
400;400; Cliente 400; 01/01/1900
401;401; Cliente 401; 01/01/1900
402;402; Cliente 402; 01/01/1900
403;403; Cliente 403; 01/01/1900
404;404; Cliente 404; 01/01/1900
405;405; Cliente 405; 01/01/1900
406;406; Cliente 406; 01/01/1900
407;407; Cliente 407; 01/01/1900
408;408; Cliente 408; 01/01/1900
409;409; Cliente 409; 01/01/1900
410;410; Cliente 410; 01/01/1900
411;411; Cliente 411; 01/01/1900
412;412; Cliente 412; 01/01/1900
413;413; Cliente 413; 01/01/1900
414;414; Cliente 414; 01/01/1900
415;415; Cliente 415; 01/01/1900
416;416; Cliente 416; 01/01/1900
417;417; Cliente 417; 01/01/1900
418;418; Cliente 418; 01/01/1900
419;419; Cliente 419; 01/01/1900
420;420; Cliente 420; 01/01/1900
421;421; Cliente 421; 01/01/1900
422;422; Cliente 422; 01/01/1900
423;423; Cliente 423; 01/01/1900
424;424; Cliente 424; 01/01/1900
425;425; Cliente 425; 01/01/1900
426;426; Cliente 426; 01/01/1900
427;427; Cliente 427; 01/01/1900
428;428; Cliente 428; 01/01/1900
429;429; Cliente 429; 01/01/1900
430;430; Cliente 430; 01/01/1900
431;431; Cliente 431; 01/01/1900
432;432; Cliente 432; 01/01/1900
433;433; Cliente 433; 01/01/1900
434;434; Cliente 434; 01/01/1900
435;435; Cliente 435; 01/01/1900
436;436; Cliente 436; 01/01/1900
437;437; Cliente 437; 01/01/1900
438;438; Cliente 438; 01/01/1900
439;439; Cliente 439; 01/01/1900
440;440; Cliente 440; 01/01/1900
441;441; Cliente 441; 01/01/1900
442;442; Cliente 442; 01/01/1900
443;443; Cliente 443; 01/01/1900
444;444; Cliente 444; 01/01/1900
445;445; Cliente 445; 01/01/1900
446;446; Cliente 446; 01/01/1900
447;447; Cliente 447; 01/01/1900
448;448; Cliente 448; 01/01/1900
449;449; Cliente 449; 01/01/1900
450;450; Cliente 450; 01/01/1900
451;451; Cliente 451; 01/01/1900
452;452; Cliente 452; 01/01/1900
453;453; Cliente 453; 01/01/1900
454;454; Cliente 454; 01/01/1900
455;455; Cliente 455; 01/01/1900
456;456; Cliente 456; 01/01/1900
457;457; Cliente 457; 01/01/1900
458;458; Cliente 458; 01/01/1900
459;459; Cliente 459; 01/01/1900
460;460; Cliente 460; 01/01/1900
461;461; Cliente 461; 01/01/1900
462;462; Cliente 462; 01/01/1900
463;463; Cliente 463; 01/01/1900
464;464; Cliente 464; 01/01/1900
465;465; Cliente 465; 01/01/1900
466;466; Cliente 466; 01/01/1900
467;467; Cliente 467; 01/01/1900
468;468; Cliente 468; 01/01/1900
469;469; Cliente 469; 01/01/1900
470;470; Cliente 470; 01/01/1900
471;471; Cliente 471; 01/01/1900
472;472; Cliente 472; 01/01/1900
473;473; Cliente 473; 01/01/1900
474;474; Cliente 474; 01/01/1900
475;475; Cliente 475; 01/01/1900
476;476; Cliente 476; 01/01/1900
477;477; Cliente 477; 01/01/1900
478;478; Cliente 478; 01/01/1900
479;479; Cliente 479; 01/01/1900
480;480; Cliente 480; 01/01/1900
481;481; Cliente 481; 01/01/1900
482;482; Cliente 482; 01/01/1900
483;483; Cliente 483; 01/01/1900
484;484; Cliente 484; 01/01/1900
485;485; Cliente 485; 01/01/1900
486;486; Cliente 486; 01/01/1900
487;487; Cliente 487; 01/01/1900
488;488; Cliente 488; 01/01/1900
489;489; Cliente 489; 01/01/1900
490;490; Cliente 490; 01/01/1900
491;491; Cliente 491; 01/01/1900
492;492; Cliente 492; 01/01/1900
493;493; Cliente 493; 01/01/1900
494;494; Cliente 494; 01/01/1900
495;495; Cliente 495; 01/01/1900
496;496; Cliente 496; 01/01/1900
497;497; Cliente 497; 01/01/1900
498;498; Cliente 498; 01/01/1900
499;499; Cliente 499; 01/01/1900
500;500; Cliente 500; 01/01/1900
